<?xml version="1.0" encoding="UTF-8"?>
<beans xmlns="http://www.springframework.org/schema/beans"
	xmlns:xsi="http://www.w3.org/2001/XMLSchema-instance"
	xmlns:p="http://www.springframework.org/schema/p"
	xmlns:context="http://www.springframework.org/schema/context"
	xmlns:mvc="http://www.springframework.org/schema/mvc"
	xmlns:util="http://www.springframework.org/schema/util"
	xmlns:tx="http://www.springframework.org/schema/tx"
	xsi:schemaLocation="http://www.springframework.org/schema/beans http://www.springframework.org/schema/beans/spring-beans.xsd
		http://www.springframework.org/schema/context http://www.springframework.org/schema/context/spring-context.xsd
		http://www.springframework.org/schema/mvc http://www.springframework.org/schema/mvc/spring-mvc.xsd
		http://www.springframework.org/schema/util http://www.springframework.org/schema/util/spring-util.xsd
		http://www.springframework.org/schema/tx http://www.springframework.org/schema/tx/spring-tx.xsd">

	<mvc:annotation-driven />
	<!-- 启用spring mvc 注解 -->
	<context:annotation-config />

	<!-- 设置使用注解的类所在的jar包 -->
	<context:component-scan base-package="com.wjh">
		<context:include-filter type="annotation"
			expression="org.springframework.stereotype.Controller" />
		<context:exclude-filter type="annotation"
			expression="org.springframework.stereotype.Service" />
	</context:component-scan>
	
	<!-- 完成请求和注解POJO的映射 -->
    <bean class="org.springframework.web.servlet.mvc.annotation.AnnotationMethodHandlerAdapter" />

	<!-- 全局异常配置 start -->
	<bean id="exceptionResolver"
		class="org.springframework.web.servlet.handler.SimpleMappingExceptionResolver">
		<property name="exceptionMappings">
			<props>
				<prop key="java.lang.Exception">/errors/error</prop>
				<prop key="java.lang.Throwable">/errors/err</prop>
			</props>
		</property>
		<property name="statusCodes">
			<props>
				<prop key="errors/error">500</prop>
				<prop key="errors/404">404</prop>
			</props>
		</property>
		<!-- 设置日志输出级别，不定义则默认不输出警告等错误日志信息 -->
		<property name="warnLogCategory" value="WARN"></property>
		<!-- 默认错误页面，当找不到上面mappings中指定的异常对应视图时，使用本默认配置 -->
		<property name="defaultErrorView" value="errors/error"></property>
		<!-- 默认HTTP状态码 -->
		<property name="defaultStatusCode" value="500"></property>
	</bean>
	<!-- 全局异常配置 end -->

	<!-- start视图配置 -->
	<bean
		class="org.springframework.web.servlet.view.InternalResourceViewResolver"
		p:prefix="/WEB-INF/jsps/" p:suffix=".jsp" />
	<!-- end视图配置 -->
	<!-- 使用fastjson作为@ResponseBody输出 -->
	<mvc:annotation-driven>
		<mvc:message-converters
			register-defaults="false">
			<bean
				class="org.springframework.http.converter.json.MappingJacksonHttpMessageConverter">
				<property name="supportedMediaTypes">
                    <list>
                        <value>text/html;charset=UTF-8</value>
                        <value>application/json</value>
                    </list>
                </property>
			</bean>
		</mvc:message-converters>
	</mvc:annotation-driven>
	<!-- Spring中引入其他配置文件 
    <import resource="classpath*:/spring/applicationContext-jobs.xml" />
    -->
</beans>